logID,Date,Activity
1,2/21/2024,Replacement
2,1/9/2024,Repair
3,1/17/2024,Cleaning
4,2/19/2024,Testing
5,1/27/2024,Replacement
6,2/27/2024,Testing
7,2/4/2024,Replacement
8,1/25/2024,Replacement
9,2/17/2024,Replacement
10,1/7/2024,Replacement
11,1/6/2024,Testing
12,1/15/2024,Inspection
13,3/7/2024,Cleaning
14,2/6/2024,Replacement
15,1/26/2024,Inspection
16,1/29/2024,Replacement
17,2/21/2024,Inspection
18,3/9/2024,Replacement
19,1/10/2024,Testing
20,2/10/2024,Testing
21,1/30/2024,Inspection
22,1/7/2024,Testing
23,2/29/2024,Testing
24,1/27/2024,Cleaning
25,1/17/2024,Repair
26,2/3/2024,Repair
27,1/20/2024,Replacement
28,1/24/2024,Replacement
29,2/24/2024,Replacement
30,1/11/2024,Cleaning
31,1/15/2024,Testing
32,1/15/2024,Testing
33,2/29/2024,Cleaning
34,3/2/2024,Repair
35,1/3/2024,Cleaning
36,2/22/2024,Repair
37,3/7/2024,Repair
38,1/23/2024,Cleaning
39,2/17/2024,Testing
40,1/22/2024,Cleaning
41,1/10/2024,Repair
42,1/25/2024,Repair
43,2/28/2024,Repair
44,3/8/2024,Repair
45,2/7/2024,Testing
46,3/8/2024,Testing
47,2/11/2024,Repair
48,1/21/2024,Testing
49,1/24/2024,Replacement
50,2/24/2024,Testing
51,3/2/2024,Repair
52,1/23/2024,Repair
53,2/15/2024,Cleaning
54,2/11/2024,Repair
55,1/11/2024,Testing
56,1/24/2024,Replacement
57,1/15/2024,Repair
58,1/16/2024,Inspection
59,2/25/2024,Replacement
60,2/25/2024,Repair
61,3/9/2024,Cleaning
62,2/22/2024,Cleaning
63,1/22/2024,Cleaning
64,3/6/2024,Inspection
65,1/11/2024,Replacement
66,2/15/2024,Repair
67,2/5/2024,Inspection
68,2/28/2024,Replacement
69,2/18/2024,Testing
70,1/2/2024,Inspection
71,1/26/2024,Replacement
72,2/26/2024,Replacement
73,3/2/2024,Inspection
74,3/6/2024,Testing
75,3/9/2024,Testing
76,2/16/2024,Testing
77,1/11/2024,Inspection
78,2/21/2024,Replacement
79,1/7/2024,Replacement
80,2/19/2024,Testing
81,1/15/2024,Testing
82,3/7/2024,Inspection
83,2/19/2024,Replacement
84,1/21/2024,Replacement
85,2/3/2024,Cleaning
86,2/23/2024,Replacement
87,2/16/2024,Replacement
88,1/30/2024,Repair
89,3/7/2024,Inspection
90,2/1/2024,Repair
91,2/29/2024,Replacement
92,1/17/2024,Testing
93,1/1/2024,Cleaning
94,1/4/2024,Repair
95,2/13/2024,Testing
96,1/13/2024,Repair
97,2/17/2024,Testing
98,2/5/2024,Testing
99,2/17/2024,Cleaning
100,1/18/2024,Cleaning
101,2/21/2024,Replacement
102,1/15/2024,Testing
103,2/26/2024,Inspection
104,2/27/2024,Replacement
105,1/15/2024,Testing
106,1/30/2024,Replacement
107,2/15/2024,Cleaning
108,1/7/2024,Cleaning
109,2/15/2024,Testing
110,2/22/2024,Testing
111,1/17/2024,Testing
112,2/21/2024,Repair
113,2/9/2024,Inspection
114,1/4/2024,Testing
115,2/17/2024,Cleaning
116,1/6/2024,Replacement
117,2/24/2024,Replacement
118,2/1/2024,Cleaning
119,2/9/2024,Replacement
120,2/11/2024,Inspection
